country_code,country,year,expenditure,coverage
ROU,Romania,2023,5.759,89
PER,Peru,2023,5.538,97.3
TUR,Türkiye,2023,4.189,99.3
IDN,Indonesia,2023,2.702,95.9
GBR,United Kingdom,2023,10.792,100
NLD,Netherlands,2023,10.037,99.9
BGR,Bulgaria,2023,7.934,93.9
USA,United States,2023,16.87,40.2
THA,Thailand,2023,4.349,100
ESP,Spain,2023,9.224,100
SVN,Slovenia,2023,9.286,99.8
NOR,Norway,2023,8.932,100
SVK,Slovak Republic,2023,7.37,95.5
PRT,Portugal,2023,9.949,100
JPN,Japan,2023,10.754,100
GRC,Greece,2023,8.413,100
FRA,France,2023,11.327,99.9
ITA,Italy,2023,8.366,100
SWE,Sweden,2023,11.243,100
MEX,Mexico,2023,5.701,77.6
LVA,Latvia,2023,7.243,100
COL,Colombia,2023,8.145,98.9
CZE,Czechia,2023,8.382,100
NZL,New Zealand,2023,10.083,100
DNK,Denmark,2023,9.614,100
CRI,Costa Rica,2023,6.866,93
EST,Estonia,2023,7.439,94.8
CAN,Canada,2023,11.389,100
KOR,Korea,2023,8.445,100
LUX,Luxembourg,2023,5.59,100
CHE,Switzerland,2023,11.196,100
POL,Poland,2023,7.138,96.9
FIN,Finland,2023,10.502,100
ISL,Iceland,2023,8.64,99.3
BEL,Belgium,2023,10.793,98.4
IRL,Ireland,2023,6.341,100
ISR,Israel,2023,7.081,100
CHL,Chile,2023,10.297,81.3
HUN,Hungary,2023,6.402,96
DEU,Germany,2023,11.637,99.9
LTU,Lithuania,2023,7.268,99.1
AUT,Austria,2023,11.176,99.9
AUS,Australia,2023,10.362,100
